Title,Category,Rarity,Filename,Image
Abyss Button,eyes,common,abyss_button.png,https://cdn.jsdelivr.net/gh/furdecimbit/voodoo-generator@main/eyes/common/abyss_button.png
Amethyst Cross,eyes,common,amethyst_cross.png,https://cdn.jsdelivr.net/gh/furdecimbit/voodoo-generator@main/eyes/common/amethyst_cross.png
Aqua Cross,eyes,common,aqua_cross.png,https://cdn.jsdelivr.net/gh/furdecimbit/voodoo-generator@main/eyes/common/aqua_cross.png
Blush Cross,eyes,common,blush_cross.png,https://cdn.jsdelivr.net/gh/furdecimbit/voodoo-generator@main/eyes/common/blush_cross.png
Bone Cross,eyes,common,bone_cross.png,https://cdn.jsdelivr.net/gh/furdecimbit/voodoo-generator@main/eyes/common/bone_cross.png
Cobalt Cross,eyes,common,cobalt_cross.png,https://cdn.jsdelivr.net/gh/furdecimbit/voodoo-generator@main/eyes/common/cobalt_cross.png
Coin,eyes,common,coin.png,https://cdn.jsdelivr.net/gh/furdecimbit/voodoo-generator@main/eyes/common/coin.png
Ember Cross,eyes,common,ember_cross.png,https://cdn.jsdelivr.net/gh/furdecimbit/voodoo-generator@main/eyes/common/ember_cross.png
Ghost Button,eyes,common,ghost_button.png,https://cdn.jsdelivr.net/gh/furdecimbit/voodoo-generator@main/eyes/common/ghost_button.png
Grave Moss,eyes,common,grave_moss.png,https://cdn.jsdelivr.net/gh/furdecimbit/voodoo-generator@main/eyes/common/grave_moss.png
Hex Cross,eyes,common,hex_cross.png,https://cdn.jsdelivr.net/gh/furdecimbit/voodoo-generator@main/eyes/common/hex_cross.png
Iron Laurel Seal V2,eyes,common,iron_laurel_seal_v2.png,https://cdn.jsdelivr.net/gh/furdecimbit/voodoo-generator@main/eyes/common/iron_laurel_seal_v2.png
Jade Hex Nut,eyes,common,jade_hex_nut.png,https://cdn.jsdelivr.net/gh/furdecimbit/voodoo-generator@main/eyes/common/jade_hex_nut.png
Marsh Button,eyes,common,marsh_button.png,https://cdn.jsdelivr.net/gh/furdecimbit/voodoo-generator@main/eyes/common/marsh_button.png
Pale Specter,eyes,common,pale_specter.png,https://cdn.jsdelivr.net/gh/furdecimbit/voodoo-generator@main/eyes/common/pale_specter.png
Swamp Button,eyes,common,swamp_button.png,https://cdn.jsdelivr.net/gh/furdecimbit/voodoo-generator@main/eyes/common/swamp_button.png
Venom Cross,eyes,common,venom_cross.png,https://cdn.jsdelivr.net/gh/furdecimbit/voodoo-generator@main/eyes/common/venom_cross.png
Amber Spiral,eyes,legendary,amber_spiral.png,https://cdn.jsdelivr.net/gh/furdecimbit/voodoo-generator@main/eyes/legendary/amber_spiral.png
Emerald Marble,eyes,legendary,emerald_marble.png,https://cdn.jsdelivr.net/gh/furdecimbit/voodoo-generator@main/eyes/legendary/emerald_marble.png
Frost Cracked Orb,eyes,legendary,frost_cracked_orb.png,https://cdn.jsdelivr.net/gh/furdecimbit/voodoo-generator@main/eyes/legendary/frost_cracked_orb.png
Sapphire Marble,eyes,legendary,sapphire_marble.png,https://cdn.jsdelivr.net/gh/furdecimbit/voodoo-generator@main/eyes/legendary/sapphire_marble.png
Serpent Eye Orb,eyes,legendary,serpent_eye_orb.png,https://cdn.jsdelivr.net/gh/furdecimbit/voodoo-generator@main/eyes/legendary/serpent_eye_orb.png
Blush Star Button,eyes,rare,blush_star_button.png,https://cdn.jsdelivr.net/gh/furdecimbit/voodoo-generator@main/eyes/rare/blush_star_button.png
Bone Rune Button,eyes,rare,bone_rune_button.png,https://cdn.jsdelivr.net/gh/furdecimbit/voodoo-generator@main/eyes/rare/bone_rune_button.png
Celtic Jade Button,eyes,rare,celtic_jade_button.png,https://cdn.jsdelivr.net/gh/furdecimbit/voodoo-generator@main/eyes/rare/celtic_jade_button.png
Celtic Teal Button,eyes,rare,celtic_teal_button.png,https://cdn.jsdelivr.net/gh/furdecimbit/voodoo-generator@main/eyes/rare/celtic_teal_button.png
Cobalt Mandala,eyes,rare,cobalt_mandala.png,https://cdn.jsdelivr.net/gh/furdecimbit/voodoo-generator@main/eyes/rare/cobalt_mandala.png
Cobalt Sun Button,eyes,rare,cobalt_sun_button.png,https://cdn.jsdelivr.net/gh/furdecimbit/voodoo-generator@main/eyes/rare/cobalt_sun_button.png
Crimson Mandala,eyes,rare,crimson_mandala.png,https://cdn.jsdelivr.net/gh/furdecimbit/voodoo-generator@main/eyes/rare/crimson_mandala.png
Crimson Sun Button,eyes,rare,crimson_sun_button.png,https://cdn.jsdelivr.net/gh/furdecimbit/voodoo-generator@main/eyes/rare/crimson_sun_button.png
Gold Sigil Coin,eyes,rare,gold_sigil_coin.png,https://cdn.jsdelivr.net/gh/furdecimbit/voodoo-generator@main/eyes/rare/gold_sigil_coin.png
Ivory Floral Button,eyes,rare,ivory_floral_button.png,https://cdn.jsdelivr.net/gh/furdecimbit/voodoo-generator@main/eyes/rare/ivory_floral_button.png
Rose Petal Button,eyes,rare,rose_petal_button.png,https://cdn.jsdelivr.net/gh/furdecimbit/voodoo-generator@main/eyes/rare/rose_petal_button.png
Serpent Amber Slit,eyes,rare,serpent_amber_slit.png,https://cdn.jsdelivr.net/gh/furdecimbit/voodoo-generator@main/eyes/rare/serpent_amber_slit.png
Terracotta Mandala,eyes,rare,terracotta_mandala.png,https://cdn.jsdelivr.net/gh/furdecimbit/voodoo-generator@main/eyes/rare/terracotta_mandala.png
Amber Dragon Eye Medallion,eyes,ultimate,amber_dragon_eye_medallion.png,https://cdn.jsdelivr.net/gh/furdecimbit/voodoo-generator@main/eyes/ultimate/amber_dragon_eye_medallion.png
Amber Slit Eye,eyes,ultimate,amber_slit_eye.png,https://cdn.jsdelivr.net/gh/furdecimbit/voodoo-generator@main/eyes/ultimate/amber_slit_eye.png
Cosmic Nebula Orb,eyes,ultimate,cosmic_nebula_orb.png,https://cdn.jsdelivr.net/gh/furdecimbit/voodoo-generator@main/eyes/ultimate/cosmic_nebula_orb.png
Illuminati Eye Charm,eyes,ultimate,illuminati_eye_charm.png,https://cdn.jsdelivr.net/gh/furdecimbit/voodoo-generator@main/eyes/ultimate/illuminati_eye_charm.png
Jade Serpent Eye,eyes,ultimate,jade_serpent_eye.png,https://cdn.jsdelivr.net/gh/furdecimbit/voodoo-generator@main/eyes/ultimate/jade_serpent_eye.png
Skull Orb Black,eyes,ultimate,skull_orb_black.png,https://cdn.jsdelivr.net/gh/furdecimbit/voodoo-generator@main/eyes/ultimate/skull_orb_black.png
Venom Vortex,eyes,ultimate,venom_vortex.png,https://cdn.jsdelivr.net/gh/furdecimbit/voodoo-generator@main/eyes/ultimate/venom_vortex.png
Void Cosmos Orb,eyes,ultimate,void_cosmos_orb.png,https://cdn.jsdelivr.net/gh/furdecimbit/voodoo-generator@main/eyes/ultimate/void_cosmos_orb.png
Antler Bead Dagger,knife,common,antler_bead_dagger.png,https://cdn.jsdelivr.net/gh/furdecimbit/voodoo-generator@main/knife/common/antler_bead_dagger.png
Antler Dagger,knife,common,antler_dagger.png,https://cdn.jsdelivr.net/gh/furdecimbit/voodoo-generator@main/knife/common/antler_dagger.png
Antler Dagger V2,knife,common,antler_dagger_v2.png,https://cdn.jsdelivr.net/gh/furdecimbit/voodoo-generator@main/knife/common/antler_dagger_v2.png
Beast Claw Blade,knife,common,beast_claw_blade.png,https://cdn.jsdelivr.net/gh/furdecimbit/voodoo-generator@main/knife/common/beast_claw_blade.png
Bone Fetish Dagger,knife,common,bone_fetish_dagger.png,https://cdn.jsdelivr.net/gh/furdecimbit/voodoo-generator@main/knife/common/bone_fetish_dagger.png
Bone Skull Dagger,knife,common,bone_skull_dagger.png,https://cdn.jsdelivr.net/gh/furdecimbit/voodoo-generator@main/knife/common/bone_skull_dagger.png
Bone Triskele Dagger,knife,common,bone_triskele_dagger.png,https://cdn.jsdelivr.net/gh/furdecimbit/voodoo-generator@main/knife/common/bone_triskele_dagger.png
Chakra Rope Knife,knife,common,chakra_rope_knife.png,https://cdn.jsdelivr.net/gh/furdecimbit/voodoo-generator@main/knife/common/chakra_rope_knife.png
Constellation Dagger,knife,common,constellation_dagger.png,https://cdn.jsdelivr.net/gh/furdecimbit/voodoo-generator@main/knife/common/constellation_dagger.png
Crystal Bone Dagger,knife,common,crystal_bone_dagger.png,https://cdn.jsdelivr.net/gh/furdecimbit/voodoo-generator@main/knife/common/crystal_bone_dagger.png
Damascus Knife,knife,common,damascus_knife.png,https://cdn.jsdelivr.net/gh/furdecimbit/voodoo-generator@main/knife/common/damascus_knife.png
Flint Twine Blade,knife,common,flint_twine_blade.png,https://cdn.jsdelivr.net/gh/furdecimbit/voodoo-generator@main/knife/common/flint_twine_blade.png
Ivory Tusk Blade,knife,common,ivory_tusk_blade.png,https://cdn.jsdelivr.net/gh/furdecimbit/voodoo-generator@main/knife/common/ivory_tusk_blade.png
Jagged Iron Blade,knife,common,jagged_iron_blade.png,https://cdn.jsdelivr.net/gh/furdecimbit/voodoo-generator@main/knife/common/jagged_iron_blade.png
Obsidian Tribal Knife,knife,common,obsidian_tribal_knife.png,https://cdn.jsdelivr.net/gh/furdecimbit/voodoo-generator@main/knife/common/obsidian_tribal_knife.png
Serpent Curved Blade,knife,common,serpent_curved_blade.png,https://cdn.jsdelivr.net/gh/furdecimbit/voodoo-generator@main/knife/common/serpent_curved_blade.png
Snakeskin Knife,knife,common,snakeskin_knife.png,https://cdn.jsdelivr.net/gh/furdecimbit/voodoo-generator@main/knife/common/snakeskin_knife.png
Talon Grip Blade,knife,common,talon_grip_blade.png,https://cdn.jsdelivr.net/gh/furdecimbit/voodoo-generator@main/knife/common/talon_grip_blade.png
Verdant Curved Blade,knife,common,verdant_curved_blade.png,https://cdn.jsdelivr.net/gh/furdecimbit/voodoo-generator@main/knife/common/verdant_curved_blade.png
Wrapped Serrated Blade,knife,common,wrapped_serrated_blade.png,https://cdn.jsdelivr.net/gh/furdecimbit/voodoo-generator@main/knife/common/wrapped_serrated_blade.png
Amger Gem Dagger,knife,legendary,amger gem dagger.png,https://cdn.jsdelivr.net/gh/furdecimbit/voodoo-generator@main/knife/legendary/amger gem dagger.png
Ancient Eye Dagger,knife,legendary,ancient eye dagger.png,https://cdn.jsdelivr.net/gh/furdecimbit/voodoo-generator@main/knife/legendary/ancient eye dagger.png
Crimson Vein Blade,knife,legendary,crimson vein blade.png,https://cdn.jsdelivr.net/gh/furdecimbit/voodoo-generator@main/knife/legendary/crimson vein blade.png
Crystal Hand Blade,knife,legendary,crystal hand blade.png,https://cdn.jsdelivr.net/gh/furdecimbit/voodoo-generator@main/knife/legendary/crystal hand blade.png
Dark Justice Blade,knife,legendary,dark justice blade.png,https://cdn.jsdelivr.net/gh/furdecimbit/voodoo-generator@main/knife/legendary/dark justice blade.png
Drawgon,knife,legendary,drawgon.png,https://cdn.jsdelivr.net/gh/furdecimbit/voodoo-generator@main/knife/legendary/drawgon.png
Jungle Serpent Blade,knife,legendary,jungle serpent blade.png,https://cdn.jsdelivr.net/gh/furdecimbit/voodoo-generator@main/knife/legendary/jungle serpent blade.png
Ocean Serpent Knife,knife,legendary,ocean serpent knife.png,https://cdn.jsdelivr.net/gh/furdecimbit/voodoo-generator@main/knife/legendary/ocean serpent knife.png
Silver Scorpion Dagger,knife,legendary,silver scorpion dagger.png,https://cdn.jsdelivr.net/gh/furdecimbit/voodoo-generator@main/knife/legendary/silver scorpion dagger.png
Skull Tower Dagger,knife,legendary,skull tower dagger.png,https://cdn.jsdelivr.net/gh/furdecimbit/voodoo-generator@main/knife/legendary/skull tower dagger.png
Sun & Moon Dagger,knife,legendary,sun & moon dagger.png,https://cdn.jsdelivr.net/gh/furdecimbit/voodoo-generator@main/knife/legendary/sun & moon dagger.png
Totem Ritual Dagger,knife,legendary,totem ritual dagger.png,https://cdn.jsdelivr.net/gh/furdecimbit/voodoo-generator@main/knife/legendary/totem ritual dagger.png
Abyssal Dagger,knife,rare,abyssal_dagger.png,https://cdn.jsdelivr.net/gh/furdecimbit/voodoo-generator@main/knife/rare/abyssal_dagger.png
Astral Dagger,knife,rare,astral_dagger.png,https://cdn.jsdelivr.net/gh/furdecimbit/voodoo-generator@main/knife/rare/astral_dagger.png
Ice Crystal Blade,knife,rare,ice_crystal_blade.png,https://cdn.jsdelivr.net/gh/furdecimbit/voodoo-generator@main/knife/rare/ice_crystal_blade.png
Jade Carved Blade,knife,rare,jade_carved_blade.png,https://cdn.jsdelivr.net/gh/furdecimbit/voodoo-generator@main/knife/rare/jade_carved_blade.png
Jade Crystal Dagger,knife,rare,jade_crystal_dagger.png,https://cdn.jsdelivr.net/gh/furdecimbit/voodoo-generator@main/knife/rare/jade_crystal_dagger.png
Lunar Copper Dagger,knife,rare,lunar_copper_dagger.png,https://cdn.jsdelivr.net/gh/furdecimbit/voodoo-generator@main/knife/rare/lunar_copper_dagger.png
Nautilus Blade,knife,rare,nautilus_blade.png,https://cdn.jsdelivr.net/gh/furdecimbit/voodoo-generator@main/knife/rare/nautilus_blade.png
Ruby Bone Dagger,knife,rare,ruby_bone_dagger.png,https://cdn.jsdelivr.net/gh/furdecimbit/voodoo-generator@main/knife/rare/ruby_bone_dagger.png
Rune Gold Dagger,knife,rare,rune_gold_dagger.png,https://cdn.jsdelivr.net/gh/furdecimbit/voodoo-generator@main/knife/rare/rune_gold_dagger.png
Shadow Crystal Dagger,knife,rare,shadow_crystal_dagger.png,https://cdn.jsdelivr.net/gh/furdecimbit/voodoo-generator@main/knife/rare/shadow_crystal_dagger.png
Sigil Black Dagger,knife,rare,sigil_black_dagger.png,https://cdn.jsdelivr.net/gh/furdecimbit/voodoo-generator@main/knife/rare/sigil_black_dagger.png
Skeleton Claw Grip,knife,rare,skeleton_claw_grip.png,https://cdn.jsdelivr.net/gh/furdecimbit/voodoo-generator@main/knife/rare/skeleton_claw_grip.png
Skull Animal Dagger,knife,rare,skull_animal_dagger.png,https://cdn.jsdelivr.net/gh/furdecimbit/voodoo-generator@main/knife/rare/skull_animal_dagger.png
Tribal Totem Blade,knife,rare,tribal_totem_blade.png,https://cdn.jsdelivr.net/gh/furdecimbit/voodoo-generator@main/knife/rare/tribal_totem_blade.png
Void Star Dagger,knife,rare,void_star_dagger.png,https://cdn.jsdelivr.net/gh/furdecimbit/voodoo-generator@main/knife/rare/void_star_dagger.png
Cosmic Eye Blade,knife,ultimate,cosmic eye blade.png,https://cdn.jsdelivr.net/gh/furdecimbit/voodoo-generator@main/knife/ultimate/cosmic eye blade.png
Cosmic Void Blade,knife,ultimate,cosmic void blade.png,https://cdn.jsdelivr.net/gh/furdecimbit/voodoo-generator@main/knife/ultimate/cosmic void blade.png
Cracked Lava Blade,knife,ultimate,cracked lava blade.png,https://cdn.jsdelivr.net/gh/furdecimbit/voodoo-generator@main/knife/ultimate/cracked lava blade.png
Death Shroud Blade,knife,ultimate,death shroud blade.png,https://cdn.jsdelivr.net/gh/furdecimbit/voodoo-generator@main/knife/ultimate/death shroud blade.png
Drawon Scale Knife,knife,ultimate,drawon scale knife.png,https://cdn.jsdelivr.net/gh/furdecimbit/voodoo-generator@main/knife/ultimate/drawon scale knife.png
Eternal Dagger,knife,ultimate,eternal dagger.png,https://cdn.jsdelivr.net/gh/furdecimbit/voodoo-generator@main/knife/ultimate/eternal dagger.png
Frost Skeleton Blade,knife,ultimate,frost skeleton blade.png,https://cdn.jsdelivr.net/gh/furdecimbit/voodoo-generator@main/knife/ultimate/frost skeleton blade.png
Hellfire Blade,knife,ultimate,hellfire blade.png,https://cdn.jsdelivr.net/gh/furdecimbit/voodoo-generator@main/knife/ultimate/hellfire blade.png
Nebula Cutter,knife,ultimate,nebula cutter.png,https://cdn.jsdelivr.net/gh/furdecimbit/voodoo-generator@main/knife/ultimate/nebula cutter.png
Starlight Knife,knife,ultimate,starlight knife.png,https://cdn.jsdelivr.net/gh/furdecimbit/voodoo-generator@main/knife/ultimate/starlight knife.png
1,mouths,common,1.png,https://cdn.jsdelivr.net/gh/furdecimbit/voodoo-generator@main/mouths/1.png
10,mouths,common,10.png,https://cdn.jsdelivr.net/gh/furdecimbit/voodoo-generator@main/mouths/10.png
11,mouths,common,11.png,https://cdn.jsdelivr.net/gh/furdecimbit/voodoo-generator@main/mouths/11.png
12,mouths,common,12.png,https://cdn.jsdelivr.net/gh/furdecimbit/voodoo-generator@main/mouths/12.png
13,mouths,common,13.png,https://cdn.jsdelivr.net/gh/furdecimbit/voodoo-generator@main/mouths/13.png
14,mouths,common,14.png,https://cdn.jsdelivr.net/gh/furdecimbit/voodoo-generator@main/mouths/14.png
15,mouths,common,15.png,https://cdn.jsdelivr.net/gh/furdecimbit/voodoo-generator@main/mouths/15.png
16,mouths,common,16.png,https://cdn.jsdelivr.net/gh/furdecimbit/voodoo-generator@main/mouths/16.png
17,mouths,common,17.png,https://cdn.jsdelivr.net/gh/furdecimbit/voodoo-generator@main/mouths/17.png
18,mouths,common,18.png,https://cdn.jsdelivr.net/gh/furdecimbit/voodoo-generator@main/mouths/18.png
19,mouths,common,19.png,https://cdn.jsdelivr.net/gh/furdecimbit/voodoo-generator@main/mouths/19.png
2,mouths,common,2.png,https://cdn.jsdelivr.net/gh/furdecimbit/voodoo-generator@main/mouths/2.png
20,mouths,common,20.png,https://cdn.jsdelivr.net/gh/furdecimbit/voodoo-generator@main/mouths/20.png
3,mouths,common,3.png,https://cdn.jsdelivr.net/gh/furdecimbit/voodoo-generator@main/mouths/3.png
4,mouths,common,4.png,https://cdn.jsdelivr.net/gh/furdecimbit/voodoo-generator@main/mouths/4.png
5,mouths,common,5.png,https://cdn.jsdelivr.net/gh/furdecimbit/voodoo-generator@main/mouths/5.png
6,mouths,common,6.png,https://cdn.jsdelivr.net/gh/furdecimbit/voodoo-generator@main/mouths/6.png
7,mouths,common,7.png,https://cdn.jsdelivr.net/gh/furdecimbit/voodoo-generator@main/mouths/7.png
8,mouths,common,8.png,https://cdn.jsdelivr.net/gh/furdecimbit/voodoo-generator@main/mouths/8.png
9,mouths,common,9.png,https://cdn.jsdelivr.net/gh/furdecimbit/voodoo-generator@main/mouths/9.png
Adventurers Compass,necklace,common,adventurers_compass.png,https://cdn.jsdelivr.net/gh/furdecimbit/voodoo-generator@main/necklace/common/adventurers_compass.png
Amethyst Wire Pendant,necklace,common,amethyst_wire_pendant.png,https://cdn.jsdelivr.net/gh/furdecimbit/voodoo-generator@main/necklace/common/amethyst_wire_pendant.png
Aquamarine Wire Pendant,necklace,common,aquamarine_wire_pendant.png,https://cdn.jsdelivr.net/gh/furdecimbit/voodoo-generator@main/necklace/common/aquamarine_wire_pendant.png
Bone And Bead Necklace,necklace,common,bone_and_bead_necklace.png,https://cdn.jsdelivr.net/gh/furdecimbit/voodoo-generator@main/necklace/common/bone_and_bead_necklace.png
Bone And Crystal Talisman,necklace,common,bone_and_crystal_talisman.png,https://cdn.jsdelivr.net/gh/furdecimbit/voodoo-generator@main/necklace/common/bone_and_crystal_talisman.png
Bone Parts,necklace,common,bone_parts.png,https://cdn.jsdelivr.net/gh/furdecimbit/voodoo-generator@main/necklace/common/bone_parts.png
Bones,necklace,common,bones.png,https://cdn.jsdelivr.net/gh/furdecimbit/voodoo-generator@main/necklace/common/bones.png
Broken Clock,necklace,common,broken_clock.png,https://cdn.jsdelivr.net/gh/furdecimbit/voodoo-generator@main/necklace/common/broken_clock.png
Brown Mushroom,necklace,common,brown_mushroom.png,https://cdn.jsdelivr.net/gh/furdecimbit/voodoo-generator@main/necklace/common/brown_mushroom.png
Carnelian Wire Pendant,necklace,common,carnelian_wire_pendant.png,https://cdn.jsdelivr.net/gh/furdecimbit/voodoo-generator@main/necklace/common/carnelian_wire_pendant.png
Chain,necklace,common,chain.png,https://cdn.jsdelivr.net/gh/furdecimbit/voodoo-generator@main/necklace/common/chain.png
Colored Rocks,necklace,common,colored_rocks.png,https://cdn.jsdelivr.net/gh/furdecimbit/voodoo-generator@main/necklace/common/colored_rocks.png
Common Mirror,necklace,common,common_mirror.png,https://cdn.jsdelivr.net/gh/furdecimbit/voodoo-generator@main/necklace/common/common_mirror.png
Dark Rope,necklace,common,dark_rope.png,https://cdn.jsdelivr.net/gh/furdecimbit/voodoo-generator@main/necklace/common/dark_rope.png
Empty Cork Vial,necklace,common,empty_cork_vial.png,https://cdn.jsdelivr.net/gh/furdecimbit/voodoo-generator@main/necklace/common/empty_cork_vial.png
Iron Thimble,necklace,common,iron_thimble.png,https://cdn.jsdelivr.net/gh/furdecimbit/voodoo-generator@main/necklace/common/iron_thimble.png
Jade Orb Pendant,necklace,common,jade_orb_pendant.png,https://cdn.jsdelivr.net/gh/furdecimbit/voodoo-generator@main/necklace/common/jade_orb_pendant.png
Jade Spiral Medallion,necklace,common,jade_spiral_medallion.png,https://cdn.jsdelivr.net/gh/furdecimbit/voodoo-generator@main/necklace/common/jade_spiral_medallion.png
Jade Wire Pendant,necklace,common,jade_wire_pendant.png,https://cdn.jsdelivr.net/gh/furdecimbit/voodoo-generator@main/necklace/common/jade_wire_pendant.png
Leopard Pearl Brooch,necklace,common,leopard_pearl_brooch.png,https://cdn.jsdelivr.net/gh/furdecimbit/voodoo-generator@main/necklace/common/leopard_pearl_brooch.png
Marbles,necklace,common,marbles.png,https://cdn.jsdelivr.net/gh/furdecimbit/voodoo-generator@main/necklace/common/marbles.png
Midnight Charm Bracelet,necklace,common,midnight_charm_bracelet.png,https://cdn.jsdelivr.net/gh/furdecimbit/voodoo-generator@main/necklace/common/midnight_charm_bracelet.png
Moonstone Pendant,necklace,common,moonstone_pendant.png,https://cdn.jsdelivr.net/gh/furdecimbit/voodoo-generator@main/necklace/common/moonstone_pendant.png
Obsidian Skull Pendant,necklace,common,obsidian_skull_pendant.png,https://cdn.jsdelivr.net/gh/furdecimbit/voodoo-generator@main/necklace/common/obsidian_skull_pendant.png
Rick With Hole,necklace,common,rick_with_hole.png,https://cdn.jsdelivr.net/gh/furdecimbit/voodoo-generator@main/necklace/common/rick_with_hole.png
Rock,necklace,common,rock.png,https://cdn.jsdelivr.net/gh/furdecimbit/voodoo-generator@main/necklace/common/rock.png
Rope,necklace,common,rope.png,https://cdn.jsdelivr.net/gh/furdecimbit/voodoo-generator@main/necklace/common/rope.png
Rune Rock,necklace,common,rune_rock.png,https://cdn.jsdelivr.net/gh/furdecimbit/voodoo-generator@main/necklace/common/rune_rock.png
Rune Stones,necklace,common,rune_stones.png,https://cdn.jsdelivr.net/gh/furdecimbit/voodoo-generator@main/necklace/common/rune_stones.png
Runic Bead Wreath,necklace,common,runic_bead_wreath.png,https://cdn.jsdelivr.net/gh/furdecimbit/voodoo-generator@main/necklace/common/runic_bead_wreath.png
Seashell,necklace,common,seashell.png,https://cdn.jsdelivr.net/gh/furdecimbit/voodoo-generator@main/necklace/common/seashell.png
Shadow Bat,necklace,common,shadow_bat.png,https://cdn.jsdelivr.net/gh/furdecimbit/voodoo-generator@main/necklace/common/shadow_bat.png
Shamanic Feather And Fang Bracelet,necklace,common,shamanic_feather_and_fang_bracelet.png,https://cdn.jsdelivr.net/gh/furdecimbit/voodoo-generator@main/necklace/common/shamanic_feather_and_fang_bracelet.png
Skull And Spider Rosary,necklace,common,skull_and_spider_rosary.png,https://cdn.jsdelivr.net/gh/furdecimbit/voodoo-generator@main/necklace/common/skull_and_spider_rosary.png
Snail Shell,necklace,common,snail_shell.png,https://cdn.jsdelivr.net/gh/furdecimbit/voodoo-generator@main/necklace/common/snail_shell.png
Sponge,necklace,common,sponge.png,https://cdn.jsdelivr.net/gh/furdecimbit/voodoo-generator@main/necklace/common/sponge.png
Talavera Tile Pendant,necklace,common,talavera_tile_pendant.png,https://cdn.jsdelivr.net/gh/furdecimbit/voodoo-generator@main/necklace/common/talavera_tile_pendant.png
Tangled Button Cluster,necklace,common,tangled_button_cluster.png,https://cdn.jsdelivr.net/gh/furdecimbit/voodoo-generator@main/necklace/common/tangled_button_cluster.png
Teeth,necklace,common,teeth.png,https://cdn.jsdelivr.net/gh/furdecimbit/voodoo-generator@main/necklace/common/teeth.png
Three Keys,necklace,common,three_keys.png,https://cdn.jsdelivr.net/gh/furdecimbit/voodoo-generator@main/necklace/common/three_keys.png
Vegvisir Stone Tablet,necklace,common,vegvisir_stone_tablet.png,https://cdn.jsdelivr.net/gh/furdecimbit/voodoo-generator@main/necklace/common/vegvisir_stone_tablet.png
Whelk Shell,necklace,common,whelk_shell.png,https://cdn.jsdelivr.net/gh/furdecimbit/voodoo-generator@main/necklace/common/whelk_shell.png
Black Cat,necklace,legendary,black_cat.png,https://cdn.jsdelivr.net/gh/furdecimbit/voodoo-generator@main/necklace/legendary/black_cat.png
Celestial Stone Talisman,necklace,legendary,celestial_stone_talisman.png,https://cdn.jsdelivr.net/gh/furdecimbit/voodoo-generator@main/necklace/legendary/celestial_stone_talisman.png
Crimson Phoenix Crest,necklace,legendary,crimson_phoenix_crest.png,https://cdn.jsdelivr.net/gh/furdecimbit/voodoo-generator@main/necklace/legendary/crimson_phoenix_crest.png
Dark Sun Sigil,necklace,legendary,dark_sun_sigil.png,https://cdn.jsdelivr.net/gh/furdecimbit/voodoo-generator@main/necklace/legendary/dark_sun_sigil.png
Frost Crystal Root,necklace,legendary,frost_crystal_root.png,https://cdn.jsdelivr.net/gh/furdecimbit/voodoo-generator@main/necklace/legendary/frost_crystal_root.png
Golden Winged Emblem,necklace,legendary,golden_winged_emblem.png,https://cdn.jsdelivr.net/gh/furdecimbit/voodoo-generator@main/necklace/legendary/golden_winged_emblem.png
Mask Of Dark Magic,necklace,legendary,mask_of_dark_magic.png,https://cdn.jsdelivr.net/gh/furdecimbit/voodoo-generator@main/necklace/legendary/mask_of_dark_magic.png
Purple Rune Sphere,necklace,legendary,purple_rune_sphere.png,https://cdn.jsdelivr.net/gh/furdecimbit/voodoo-generator@main/necklace/legendary/purple_rune_sphere.png
Runic Vortex Stone,necklace,legendary,runic_vortex_stone.png,https://cdn.jsdelivr.net/gh/furdecimbit/voodoo-generator@main/necklace/legendary/runic_vortex_stone.png
Sapphire Eye Brooch,necklace,legendary,sapphire_eye_brooch.png,https://cdn.jsdelivr.net/gh/furdecimbit/voodoo-generator@main/necklace/legendary/sapphire_eye_brooch.png
Sapphire Star Medallion,necklace,legendary,sapphire_star_medallion.png,https://cdn.jsdelivr.net/gh/furdecimbit/voodoo-generator@main/necklace/legendary/sapphire_star_medallion.png
Void Spiral Pendant,necklace,legendary,void_spiral_pendant.png,https://cdn.jsdelivr.net/gh/furdecimbit/voodoo-generator@main/necklace/legendary/void_spiral_pendant.png
Winged Blood Heart,necklace,legendary,winged_blood_heart.png,https://cdn.jsdelivr.net/gh/furdecimbit/voodoo-generator@main/necklace/legendary/winged_blood_heart.png
All Seeing Eye Brooch,necklace,rare,all_seeing_eye_brooch.png,https://cdn.jsdelivr.net/gh/furdecimbit/voodoo-generator@main/necklace/rare/all_seeing_eye_brooch.png
Aquamarine Gemstone Brooch,necklace,rare,aquamarine_gemstone_brooch.png,https://cdn.jsdelivr.net/gh/furdecimbit/voodoo-generator@main/necklace/rare/aquamarine_gemstone_brooch.png
Blue Evil Eye Brooch,necklace,rare,blue_evil_eye_brooch.png,https://cdn.jsdelivr.net/gh/furdecimbit/voodoo-generator@main/necklace/rare/blue_evil_eye_brooch.png
Blue Pearl Rosette Brooch,necklace,rare,blue_pearl_rosette_brooch.png,https://cdn.jsdelivr.net/gh/furdecimbit/voodoo-generator@main/necklace/rare/blue_pearl_rosette_brooch.png
Brown Cameo Brooch,necklace,rare,brown_cameo_brooch.png,https://cdn.jsdelivr.net/gh/furdecimbit/voodoo-generator@main/necklace/rare/brown_cameo_brooch.png
Carved Blossom Medallion,necklace,rare,carved_blossom_medallion.png,https://cdn.jsdelivr.net/gh/furdecimbit/voodoo-generator@main/necklace/rare/carved_blossom_medallion.png
Carved Rose Medallion,necklace,rare,carved_rose_medallion.png,https://cdn.jsdelivr.net/gh/furdecimbit/voodoo-generator@main/necklace/rare/carved_rose_medallion.png
Crystal Crown Reliquary,necklace,rare,crystal_crown_reliquary.png,https://cdn.jsdelivr.net/gh/furdecimbit/voodoo-generator@main/necklace/rare/crystal_crown_reliquary.png
Diamond Eye Of Providence,necklace,rare,diamond_eye_of_providence.png,https://cdn.jsdelivr.net/gh/furdecimbit/voodoo-generator@main/necklace/rare/diamond_eye_of_providence.png
Emerald Ornate Brooch,necklace,rare,emerald_ornate_brooch.png,https://cdn.jsdelivr.net/gh/furdecimbit/voodoo-generator@main/necklace/rare/emerald_ornate_brooch.png
Eye Of Horus Pin,necklace,rare,eye_of_horus_pin.png,https://cdn.jsdelivr.net/gh/furdecimbit/voodoo-generator@main/necklace/rare/eye_of_horus_pin.png
Golden Filigree Rosette,necklace,rare,golden_filigree_rosette.png,https://cdn.jsdelivr.net/gh/furdecimbit/voodoo-generator@main/necklace/rare/golden_filigree_rosette.png
Golden Heart Locket,necklace,rare,golden_heart_locket.png,https://cdn.jsdelivr.net/gh/furdecimbit/voodoo-generator@main/necklace/rare/golden_heart_locket.png
Golden Heart Tome,necklace,rare,golden_heart_tome.png,https://cdn.jsdelivr.net/gh/furdecimbit/voodoo-generator@main/necklace/rare/golden_heart_tome.png
Golden Keyhole Locket,necklace,rare,golden_keyhole_locket.png,https://cdn.jsdelivr.net/gh/furdecimbit/voodoo-generator@main/necklace/rare/golden_keyhole_locket.png
Golden Laurel Medallion,necklace,rare,golden_laurel_medallion.png,https://cdn.jsdelivr.net/gh/furdecimbit/voodoo-generator@main/necklace/rare/golden_laurel_medallion.png
Golden Sun,necklace,rare,golden_sun.png,https://cdn.jsdelivr.net/gh/furdecimbit/voodoo-generator@main/necklace/rare/golden_sun.png
Green Agate Bone Rune,necklace,rare,green_agate_bone_rune.png,https://cdn.jsdelivr.net/gh/furdecimbit/voodoo-generator@main/necklace/rare/green_agate_bone_rune.png
Grey Cameo Brooch,necklace,rare,grey_cameo_brooch.png,https://cdn.jsdelivr.net/gh/furdecimbit/voodoo-generator@main/necklace/rare/grey_cameo_brooch.png
Jeweled Keyplate,necklace,rare,jeweled_keyplate.png,https://cdn.jsdelivr.net/gh/furdecimbit/voodoo-generator@main/necklace/rare/jeweled_keyplate.png
Portrait Locket,necklace,rare,portrait_locket.png,https://cdn.jsdelivr.net/gh/furdecimbit/voodoo-generator@main/necklace/rare/portrait_locket.png
Purple Gem Locket,necklace,rare,purple_gem_locket.png,https://cdn.jsdelivr.net/gh/furdecimbit/voodoo-generator@main/necklace/rare/purple_gem_locket.png
Red Sun,necklace,rare,red_sun.png,https://cdn.jsdelivr.net/gh/furdecimbit/voodoo-generator@main/necklace/rare/red_sun.png
Rose Gemstone Brooch,necklace,rare,rose_gemstone_brooch.png,https://cdn.jsdelivr.net/gh/furdecimbit/voodoo-generator@main/necklace/rare/rose_gemstone_brooch.png
Ruby Ornate Brooch,necklace,rare,ruby_ornate_brooch.png,https://cdn.jsdelivr.net/gh/furdecimbit/voodoo-generator@main/necklace/rare/ruby_ornate_brooch.png
Runed Frame,necklace,rare,runed_frame.png,https://cdn.jsdelivr.net/gh/furdecimbit/voodoo-generator@main/necklace/rare/runed_frame.png
Sepia Portrait Cameo,necklace,rare,sepia_portrait_cameo.png,https://cdn.jsdelivr.net/gh/furdecimbit/voodoo-generator@main/necklace/rare/sepia_portrait_cameo.png
Silver Celtic Knot,necklace,rare,silver_celtic_knot.png,https://cdn.jsdelivr.net/gh/furdecimbit/voodoo-generator@main/necklace/rare/silver_celtic_knot.png
Silver Filigree Rosette,necklace,rare,silver_filigree_rosette.png,https://cdn.jsdelivr.net/gh/furdecimbit/voodoo-generator@main/necklace/rare/silver_filigree_rosette.png
Silver Pearl Rosette Brooch,necklace,rare,silver_pearl_rosette_brooch.png,https://cdn.jsdelivr.net/gh/furdecimbit/voodoo-generator@main/necklace/rare/silver_pearl_rosette_brooch.png
Smoky Quartz Claw Pendant,necklace,rare,smoky_quartz_claw_pendant.png,https://cdn.jsdelivr.net/gh/furdecimbit/voodoo-generator@main/necklace/rare/smoky_quartz_claw_pendant.png
Teal Lotus Hairpin,necklace,rare,teal_lotus_hairpin.png,https://cdn.jsdelivr.net/gh/furdecimbit/voodoo-generator@main/necklace/rare/teal_lotus_hairpin.png
Teal Star Hairpin,necklace,rare,teal_star_hairpin.png,https://cdn.jsdelivr.net/gh/furdecimbit/voodoo-generator@main/necklace/rare/teal_star_hairpin.png
Tribal Face Coin,necklace,rare,tribal_face_coin.png,https://cdn.jsdelivr.net/gh/furdecimbit/voodoo-generator@main/necklace/rare/tribal_face_coin.png
Wild Rose Medallion,necklace,rare,wild_rose_medallion.png,https://cdn.jsdelivr.net/gh/furdecimbit/voodoo-generator@main/necklace/rare/wild_rose_medallion.png
Cosmic Void Orb,necklace,ultimate,cosmic_void_orb.png,https://cdn.jsdelivr.net/gh/furdecimbit/voodoo-generator@main/necklace/ultimate/cosmic_void_orb.png
Eyes,necklace,ultimate,eyes.png,https://cdn.jsdelivr.net/gh/furdecimbit/voodoo-generator@main/necklace/ultimate/eyes.png
Gilded Demon Bell,necklace,ultimate,gilded_demon_bell.png,https://cdn.jsdelivr.net/gh/furdecimbit/voodoo-generator@main/necklace/ultimate/gilded_demon_bell.png
Jeweled Scarab Amulet,necklace,ultimate,jeweled_scarab_amulet.png,https://cdn.jsdelivr.net/gh/furdecimbit/voodoo-generator@main/necklace/ultimate/jeweled_scarab_amulet.png
Runic Sigil Ring,necklace,ultimate,runic_sigil_ring.png,https://cdn.jsdelivr.net/gh/furdecimbit/voodoo-generator@main/necklace/ultimate/runic_sigil_ring.png
Silver Skull Mask,necklace,ultimate,silver_skull_mask.png,https://cdn.jsdelivr.net/gh/furdecimbit/voodoo-generator@main/necklace/ultimate/silver_skull_mask.png
Bone Idol Mask,offhand,common,bone_idol_mask.png,https://cdn.jsdelivr.net/gh/furdecimbit/voodoo-generator@main/offhand/common/bone_idol_mask.png
Butterfly Trapped In Jar,offhand,common,butterfly_trapped_in_jar.png,https://cdn.jsdelivr.net/gh/furdecimbit/voodoo-generator@main/offhand/common/butterfly_trapped_in_jar.png
Cursed Voodoo Doll,offhand,common,cursed_voodoo_doll.png,https://cdn.jsdelivr.net/gh/furdecimbit/voodoo-generator@main/offhand/common/cursed_voodoo_doll.png
Dark Art,offhand,common,dark art.png,https://cdn.jsdelivr.net/gh/furdecimbit/voodoo-generator@main/offhand/common/dark art.png
Drink My Brain,offhand,common,drink my brain.png,https://cdn.jsdelivr.net/gh/furdecimbit/voodoo-generator@main/offhand/common/drink my brain.png
Fractured Stone Tablet,offhand,common,fractured_stone_tablet.png,https://cdn.jsdelivr.net/gh/furdecimbit/voodoo-generator@main/offhand/common/fractured_stone_tablet.png
Good Plant,offhand,common,good plant.png,https://cdn.jsdelivr.net/gh/furdecimbit/voodoo-generator@main/offhand/common/good plant.png
Grave Dirt Bottle,offhand,common,grave_dirt_bottle.png,https://cdn.jsdelivr.net/gh/furdecimbit/voodoo-generator@main/offhand/common/grave_dirt_bottle.png
King,offhand,common,king.png,https://cdn.jsdelivr.net/gh/furdecimbit/voodoo-generator@main/offhand/common/king.png
Mushroom,offhand,common,mushroom.png,https://cdn.jsdelivr.net/gh/furdecimbit/voodoo-generator@main/offhand/common/mushroom.png
Ordinary Map,offhand,common,ordinary_map.png,https://cdn.jsdelivr.net/gh/furdecimbit/voodoo-generator@main/offhand/common/ordinary_map.png
Roots & Stuff,offhand,common,roots & stuff.png,https://cdn.jsdelivr.net/gh/furdecimbit/voodoo-generator@main/offhand/common/roots & stuff.png
Skeletal Pocket Watch,offhand,common,skeletal_pocket_watch.png,https://cdn.jsdelivr.net/gh/furdecimbit/voodoo-generator@main/offhand/common/skeletal_pocket_watch.png
The Box Of Dark Art,offhand,common,the box of dark art.png,https://cdn.jsdelivr.net/gh/furdecimbit/voodoo-generator@main/offhand/common/the box of dark art.png
The Hand,offhand,common,the hand.png,https://cdn.jsdelivr.net/gh/furdecimbit/voodoo-generator@main/offhand/common/the hand.png
Tile,offhand,common,tile.png,https://cdn.jsdelivr.net/gh/furdecimbit/voodoo-generator@main/offhand/common/tile.png
Totem Of Animal,offhand,common,totem of animal.png,https://cdn.jsdelivr.net/gh/furdecimbit/voodoo-generator@main/offhand/common/totem of animal.png
Toy Marble From 80'S,offhand,common,toy marble from 80's.png,https://cdn.jsdelivr.net/gh/furdecimbit/voodoo-generator@main/offhand/common/toy marble from 80's.png
Tribal Feather Mask,offhand,common,tribal_feather_mask.png,https://cdn.jsdelivr.net/gh/furdecimbit/voodoo-generator@main/offhand/common/tribal_feather_mask.png
Velvet Coin Purse,offhand,common,velvet_coin_purse.png,https://cdn.jsdelivr.net/gh/furdecimbit/voodoo-generator@main/offhand/common/velvet_coin_purse.png
124,offhand,legendary,124.png,https://cdn.jsdelivr.net/gh/furdecimbit/voodoo-generator@main/offhand/legendary/124.png
Book Of Enchant,offhand,legendary,book of enchant.png,https://cdn.jsdelivr.net/gh/furdecimbit/voodoo-generator@main/offhand/legendary/book of enchant.png
Cerberus Skull,offhand,legendary,cerberus skull.png,https://cdn.jsdelivr.net/gh/furdecimbit/voodoo-generator@main/offhand/legendary/cerberus skull.png
Enchanted Cat,offhand,legendary,enchanted cat.png,https://cdn.jsdelivr.net/gh/furdecimbit/voodoo-generator@main/offhand/legendary/enchanted cat.png
Obsidian Scrying Stone,offhand,legendary,obsidian_scrying_stone.png,https://cdn.jsdelivr.net/gh/furdecimbit/voodoo-generator@main/offhand/legendary/obsidian_scrying_stone.png
Prismatic Crystal Cluster,offhand,legendary,prismatic_crystal_cluster.png,https://cdn.jsdelivr.net/gh/furdecimbit/voodoo-generator@main/offhand/legendary/prismatic_crystal_cluster.png
The Death Card,offhand,legendary,the death card.png,https://cdn.jsdelivr.net/gh/furdecimbit/voodoo-generator@main/offhand/legendary/the death card.png
Totem Of The Shaman,offhand,legendary,totem of the shaman.png,https://cdn.jsdelivr.net/gh/furdecimbit/voodoo-generator@main/offhand/legendary/totem of the shaman.png
Ancient Rune Scroll,offhand,rare,ancient_rune_scroll.png,https://cdn.jsdelivr.net/gh/furdecimbit/voodoo-generator@main/offhand/rare/ancient_rune_scroll.png
Black Mirror,offhand,rare,black mirror.png,https://cdn.jsdelivr.net/gh/furdecimbit/voodoo-generator@main/offhand/rare/black mirror.png
Blue King,offhand,rare,blue_king.png,https://cdn.jsdelivr.net/gh/furdecimbit/voodoo-generator@main/offhand/rare/blue_king.png
Bone Chalice,offhand,rare,bone_chalice.png,https://cdn.jsdelivr.net/gh/furdecimbit/voodoo-generator@main/offhand/rare/bone_chalice.png
Dragons Handbook,offhand,rare,dragons handbook.png,https://cdn.jsdelivr.net/gh/furdecimbit/voodoo-generator@main/offhand/rare/dragons handbook.png
Golden Entwined Palm Tree Idol,offhand,rare,golden_entwined_palm_tree_idol.png,https://cdn.jsdelivr.net/gh/furdecimbit/voodoo-generator@main/offhand/rare/golden_entwined_palm_tree_idol.png
Ice Shard,offhand,rare,ice_shard.png,https://cdn.jsdelivr.net/gh/furdecimbit/voodoo-generator@main/offhand/rare/ice_shard.png
Mummy Hand With Rings,offhand,rare,mummy_hand_with_rings.png,https://cdn.jsdelivr.net/gh/furdecimbit/voodoo-generator@main/offhand/rare/mummy_hand_with_rings.png
Prismatic Crystal Shard,offhand,rare,prismatic_crystal_shard.png,https://cdn.jsdelivr.net/gh/furdecimbit/voodoo-generator@main/offhand/rare/prismatic_crystal_shard.png
Something Potion,offhand,rare,something potion.png,https://cdn.jsdelivr.net/gh/furdecimbit/voodoo-generator@main/offhand/rare/something potion.png
Sphere Of War,offhand,rare,sphere of war.png,https://cdn.jsdelivr.net/gh/furdecimbit/voodoo-generator@main/offhand/rare/sphere of war.png
The Sun Card,offhand,rare,the sun card.png,https://cdn.jsdelivr.net/gh/furdecimbit/voodoo-generator@main/offhand/rare/the sun card.png
Tiky Tonky,offhand,rare,tiky tonky.png,https://cdn.jsdelivr.net/gh/furdecimbit/voodoo-generator@main/offhand/rare/tiky tonky.png
Totem Of People,offhand,rare,totem of people.png,https://cdn.jsdelivr.net/gh/furdecimbit/voodoo-generator@main/offhand/rare/totem of people.png
Tsss,offhand,rare,tsss.png,https://cdn.jsdelivr.net/gh/furdecimbit/voodoo-generator@main/offhand/rare/tsss.png
Ancient Rune Stone Tablet,offhand,ultimate,ancient_rune_stone_tablet.png,https://cdn.jsdelivr.net/gh/furdecimbit/voodoo-generator@main/offhand/ultimate/ancient_rune_stone_tablet.png
Cosmos Navigator,offhand,ultimate,cosmos navigator.png,https://cdn.jsdelivr.net/gh/furdecimbit/voodoo-generator@main/offhand/ultimate/cosmos navigator.png
Cosmos Stone,offhand,ultimate,cosmos stone.png,https://cdn.jsdelivr.net/gh/furdecimbit/voodoo-generator@main/offhand/ultimate/cosmos stone.png
Lava Stone,offhand,ultimate,lava stone.png,https://cdn.jsdelivr.net/gh/furdecimbit/voodoo-generator@main/offhand/ultimate/lava stone.png
Aqua,pins,common,aqua.png,https://cdn.jsdelivr.net/gh/furdecimbit/voodoo-generator@main/pins/aqua.png
Blue,pins,common,blue.png,https://cdn.jsdelivr.net/gh/furdecimbit/voodoo-generator@main/pins/blue.png
Brown,pins,common,brown.png,https://cdn.jsdelivr.net/gh/furdecimbit/voodoo-generator@main/pins/brown.png
Green,pins,common,green.png,https://cdn.jsdelivr.net/gh/furdecimbit/voodoo-generator@main/pins/green.png
Pink,pins,common,pink.png,https://cdn.jsdelivr.net/gh/furdecimbit/voodoo-generator@main/pins/pink.png
Purple,pins,common,purple.png,https://cdn.jsdelivr.net/gh/furdecimbit/voodoo-generator@main/pins/purple.png
Red,pins,common,red.png,https://cdn.jsdelivr.net/gh/furdecimbit/voodoo-generator@main/pins/red.png
Yellow,pins,common,yellow.png,https://cdn.jsdelivr.net/gh/furdecimbit/voodoo-generator@main/pins/yellow.png
